danceability,energy,key,loudness,mode,speechiness,acousticness,instrumentalness,liveness,valence,tempo,type,id,uri,track_href,analysis_url,duration_ms,time_signature
0.707,0.5,1,-5.78,1,0.0296,0.895,4e-05,0.234,0.583,129.97,audio_features,2e1gUS6Wv8GS8ZT6FMeE1J,spotify:track:2e1gUS6Wv8GS8ZT6FMeE1J,https://api.spotify.com/v1/tracks/2e1gUS6Wv8GS8ZT6FMeE1J,https://api.spotify.com/v1/audio-analysis/2e1gUS6Wv8GS8ZT6FMeE1J,161561,4
0.54,0.54,3,-6.368,1,0.029,0.241,0.0,0.351,0.372,74.969,audio_features,72OVnXDzugvrCU25lMi9au,spotify:track:72OVnXDzugvrCU25lMi9au,https://api.spotify.com/v1/tracks/72OVnXDzugvrCU25lMi9au,https://api.spotify.com/v1/audio-analysis/72OVnXDzugvrCU25lMi9au,274400,4
0.382,0.543,4,-5.938,0,0.0345,0.313,2.1e-05,0.268,0.166,173.652,audio_features,6jNy9WM3zyvG9E5bdVALl8,spotify:track:6jNy9WM3zyvG9E5bdVALl8,https://api.spotify.com/v1/tracks/6jNy9WM3zyvG9E5bdVALl8,https://api.spotify.com/v1/audio-analysis/6jNy9WM3zyvG9E5bdVALl8,295466,4
0.654,0.227,2,-12.619,1,0.0298,0.906,2.14e-05,0.091,0.373,78.155,audio_features,4HMsQy6myJNy1GoCLsIDDR,spotify:track:4HMsQy6myJNy1GoCLsIDDR,https://api.spotify.com/v1/tracks/4HMsQy6myJNy1GoCLsIDDR,https://api.spotify.com/v1/audio-analysis/4HMsQy6myJNy1GoCLsIDDR,245232,4
0.537,0.385,3,-6.216,1,0.0391,0.841,0.0,0.0948,0.554,169.98,audio_features,1sWUT5hSawhEctQEQrVQdn,spotify:track:1sWUT5hSawhEctQEQrVQdn,https://api.spotify.com/v1/tracks/1sWUT5hSawhEctQEQrVQdn,https://api.spotify.com/v1/audio-analysis/1sWUT5hSawhEctQEQrVQdn,215333,4
0.329,0.309,0,-10.255,1,0.0355,0.816,0.0,0.141,0.496,172.599,audio_features,3ZxhAXfP2hP1z5eppR8RuS,spotify:track:3ZxhAXfP2hP1z5eppR8RuS,https://api.spotify.com/v1/tracks/3ZxhAXfP2hP1z5eppR8RuS,https://api.spotify.com/v1/audio-analysis/3ZxhAXfP2hP1z5eppR8RuS,227208,4
0.607,0.498,0,-6.363,1,0.0311,0.239,4.04e-06,0.313,0.714,164.993,audio_features,02xwA3Ej9NPetftp9V7VZ3,spotify:track:02xwA3Ej9NPetftp9V7VZ3,https://api.spotify.com/v1/tracks/02xwA3Ej9NPetftp9V7VZ3,https://api.spotify.com/v1/audio-analysis/02xwA3Ej9NPetftp9V7VZ3,298664,4
0.477,0.63,0,-5.193,1,0.0273,0.0167,0.0,0.0697,0.432,82.037,audio_features,6EsphRmNLyxtMdnzFL5AGQ,spotify:track:6EsphRmNLyxtMdnzFL5AGQ,https://api.spotify.com/v1/tracks/6EsphRmNLyxtMdnzFL5AGQ,https://api.spotify.com/v1/audio-analysis/6EsphRmNLyxtMdnzFL5AGQ,271287,4
0.24,0.469,3,-9.235,1,0.0361,0.753,2.05e-06,0.0917,0.24,154.969,audio_features,4cSCMlCcY65zlz1ZPhqsCe,spotify:track:4cSCMlCcY65zlz1ZPhqsCe,https://api.spotify.com/v1/tracks/4cSCMlCcY65zlz1ZPhqsCe,https://api.spotify.com/v1/audio-analysis/4cSCMlCcY65zlz1ZPhqsCe,309840,4
0.482,0.497,6,-5.764,1,0.0377,0.71,0.0,0.106,0.384,141.879,audio_features,1JqaW41fDKBFyVPQwmsoar,spotify:track:1JqaW41fDKBFyVPQwmsoar,https://api.spotify.com/v1/tracks/1JqaW41fDKBFyVPQwmsoar,https://api.spotify.com/v1/audio-analysis/1JqaW41fDKBFyVPQwmsoar,273267,4
0.684,0.619,10,-7.005,1,0.0386,0.0716,0.0,0.122,0.284,125.046,audio_features,630sXRhIcfwr2e4RdNtjKN,spotify:track:630sXRhIcfwr2e4RdNtjKN,https://api.spotify.com/v1/tracks/630sXRhIcfwr2e4RdNtjKN,https://api.spotify.com/v1/audio-analysis/630sXRhIcfwr2e4RdNtjKN,217440,4
0.607,0.926,5,-3.639,1,0.23,0.376,0.0,0.264,0.822,200.173,audio_features,6T7oK4eP3Tezw4Ogy7q6KO,spotify:track:6T7oK4eP3Tezw4Ogy7q6KO,https://api.spotify.com/v1/tracks/6T7oK4eP3Tezw4Ogy7q6KO,https://api.spotify.com/v1/audio-analysis/6T7oK4eP3Tezw4Ogy7q6KO,219627,4
0.695,0.54,4,-5.692,1,0.0493,0.299,0.0,0.367,0.415,121.932,audio_features,4fouWK6XVHhzl78KzQ1UjL,spotify:track:4fouWK6XVHhzl78KzQ1UjL,https://api.spotify.com/v1/tracks/4fouWK6XVHhzl78KzQ1UjL,https://api.spotify.com/v1/audio-analysis/4fouWK6XVHhzl78KzQ1UjL,168602,4
0.702,0.527,7,-6.332,1,0.0289,0.55,0.0,0.14,0.338,108.036,audio_features,3EohByRFmkLh1Upve1UpSC,spotify:track:3EohByRFmkLh1Upve1UpSC,https://api.spotify.com/v1/tracks/3EohByRFmkLh1Upve1UpSC,https://api.spotify.com/v1/audio-analysis/3EohByRFmkLh1Upve1UpSC,291893,3
0.734,0.536,11,-4.686,1,0.0318,0.601,0.0,0.1,0.591,114.036,audio_features,7DQOE8yIchm7bPPvJ0w6Bf,spotify:track:7DQOE8yIchm7bPPvJ0w6Bf,https://api.spotify.com/v1/tracks/7DQOE8yIchm7bPPvJ0w6Bf,https://api.spotify.com/v1/audio-analysis/7DQOE8yIchm7bPPvJ0w6Bf,180227,4
0.583,0.642,10,-8.501,1,0.0328,0.264,0.0,0.338,0.588,79.996,audio_features,6KjSRihg1U0Fn4kzrEuZb4,spotify:track:6KjSRihg1U0Fn4kzrEuZb4,https://api.spotify.com/v1/tracks/6KjSRihg1U0Fn4kzrEuZb4,https://api.spotify.com/v1/audio-analysis/6KjSRihg1U0Fn4kzrEuZb4,225375,4
0.55,0.543,8,-6.961,1,0.0268,0.769,0.0,0.0911,0.35,74.008,audio_features,2OR5FUKy3GQ7I9DCbRnfsW,spotify:track:2OR5FUKy3GQ7I9DCbRnfsW,https://api.spotify.com/v1/tracks/2OR5FUKy3GQ7I9DCbRnfsW,https://api.spotify.com/v1/audio-analysis/2OR5FUKy3GQ7I9DCbRnfsW,278914,4
0.547,0.666,6,-5.694,1,0.0393,0.4,0.0,0.144,0.43,129.814,audio_features,69zgyr5HVKdInjeKpq1qHa,spotify:track:69zgyr5HVKdInjeKpq1qHa,https://api.spotify.com/v1/tracks/69zgyr5HVKdInjeKpq1qHa,https://api.spotify.com/v1/audio-analysis/69zgyr5HVKdInjeKpq1qHa,239795,4
0.445,0.509,2,-7.483,1,0.0494,0.718,2.89e-06,0.384,0.332,170.072,audio_features,2tZHRTuqQI2roREgDVtlHA,spotify:track:2tZHRTuqQI2roREgDVtlHA,https://api.spotify.com/v1/tracks/2tZHRTuqQI2roREgDVtlHA,https://api.spotify.com/v1/audio-analysis/2tZHRTuqQI2roREgDVtlHA,143173,4
0.617,0.741,2,-3.97,1,0.0311,0.131,0.0,0.0772,0.306,118.984,audio_features,1D4PL9B8gOg78jiHg3FvBb,spotify:track:1D4PL9B8gOg78jiHg3FvBb,https://api.spotify.com/v1/tracks/1D4PL9B8gOg78jiHg3FvBb,https://api.spotify.com/v1/audio-analysis/1D4PL9B8gOg78jiHg3FvBb,236267,4
0.664,0.432,11,-7.406,1,0.0328,0.59,0.0,0.139,0.29,113.879,audio_features,57pUHpCltt09b5w1W6m9qb,spotify:track:57pUHpCltt09b5w1W6m9qb,https://api.spotify.com/v1/tracks/57pUHpCltt09b5w1W6m9qb,https://api.spotify.com/v1/audio-analysis/57pUHpCltt09b5w1W6m9qb,243442,4
0.636,0.332,7,-8.337,1,0.0312,0.679,0.0,0.126,0.506,78.949,audio_features,7j34mUd15g3RrhZzVx3CgB,spotify:track:7j34mUd15g3RrhZzVx3CgB,https://api.spotify.com/v1/tracks/7j34mUd15g3RrhZzVx3CgB,https://api.spotify.com/v1/audio-analysis/7j34mUd15g3RrhZzVx3CgB,136707,4
0.516,0.381,5,-7.418,1,0.0325,0.794,0.0,0.139,0.482,126.006,audio_features,5OtCJuUhazlTLwZMhXpiq2,spotify:track:5OtCJuUhazlTLwZMhXpiq2,https://api.spotify.com/v1/tracks/5OtCJuUhazlTLwZMhXpiq2,https://api.spotify.com/v1/audio-analysis/5OtCJuUhazlTLwZMhXpiq2,280600,4
0.658,0.338,10,-9.179,0,0.0525,0.945,6.46e-05,0.11,0.11,115.129,audio_features,3OWTiOvc1numNmjqpKfq3V,spotify:track:3OWTiOvc1numNmjqpKfq3V,https://api.spotify.com/v1/tracks/3OWTiOvc1numNmjqpKfq3V,https://api.spotify.com/v1/audio-analysis/3OWTiOvc1numNmjqpKfq3V,202347,4
0.771,0.382,4,-7.541,1,0.0316,0.56,0.0,0.222,0.342,94.032,audio_features,3HYsldPuR1FSOfxcKjwAvv,spotify:track:3HYsldPuR1FSOfxcKjwAvv,https://api.spotify.com/v1/tracks/3HYsldPuR1FSOfxcKjwAvv,https://api.spotify.com/v1/audio-analysis/3HYsldPuR1FSOfxcKjwAvv,238146,4
0.7,0.158,2,-13.682,1,0.0398,0.817,0.0,0.11,0.329,100.825,audio_features,5yaFcwe34eiPTZhC1PiUPQ,spotify:track:5yaFcwe34eiPTZhC1PiUPQ,https://api.spotify.com/v1/tracks/5yaFcwe34eiPTZhC1PiUPQ,https://api.spotify.com/v1/audio-analysis/5yaFcwe34eiPTZhC1PiUPQ,168739,4
0.541,0.515,7,-3.964,1,0.0248,0.404,0.000194,0.104,0.157,138.1,audio_features,7wsF2a0S5eyJKpx4iFD6TC,spotify:track:7wsF2a0S5eyJKpx4iFD6TC,https://api.spotify.com/v1/tracks/7wsF2a0S5eyJKpx4iFD6TC,https://api.spotify.com/v1/audio-analysis/7wsF2a0S5eyJKpx4iFD6TC,215000,4
0.666,0.599,11,-7.196,1,0.0264,0.741,0.0,0.351,0.645,104.039,audio_features,5tzgLJeeNHz7NNRWhR1L35,spotify:track:5tzgLJeeNHz7NNRWhR1L35,https://api.spotify.com/v1/tracks/5tzgLJeeNHz7NNRWhR1L35,https://api.spotify.com/v1/audio-analysis/5tzgLJeeNHz7NNRWhR1L35,243160,4
0.542,0.441,7,-9.04,1,0.0353,0.647,0.0,0.109,0.163,143.99,audio_features,2m3CrcFgbKUJv2uEFE7ihT,spotify:track:2m3CrcFgbKUJv2uEFE7ihT,https://api.spotify.com/v1/tracks/2m3CrcFgbKUJv2uEFE7ihT,https://api.spotify.com/v1/audio-analysis/2m3CrcFgbKUJv2uEFE7ihT,245440,4
0.587,0.366,7,-7.51,1,0.0344,0.819,0.0,0.121,0.305,117.959,audio_features,5CcqjfODDoSpI1xuTg9NCC,spotify:track:5CcqjfODDoSpI1xuTg9NCC,https://api.spotify.com/v1/tracks/5CcqjfODDoSpI1xuTg9NCC,https://api.spotify.com/v1/audio-analysis/5CcqjfODDoSpI1xuTg9NCC,243733,4
0.46,0.297,9,-8.785,1,0.0309,0.692,0.000318,0.107,0.125,180.095,audio_features,1Ytgo9ipdlTsf6wlg6sXf3,spotify:track:1Ytgo9ipdlTsf6wlg6sXf3,https://api.spotify.com/v1/tracks/1Ytgo9ipdlTsf6wlg6sXf3,https://api.spotify.com/v1/audio-analysis/1Ytgo9ipdlTsf6wlg6sXf3,357094,4
0.692,0.831,9,-5.389,1,0.034,0.0146,0.0,0.103,0.676,114.972,audio_features,1RidHM9BC4M8DpfSQ6YLJh,spotify:track:1RidHM9BC4M8DpfSQ6YLJh,https://api.spotify.com/v1/tracks/1RidHM9BC4M8DpfSQ6YLJh,https://api.spotify.com/v1/audio-analysis/1RidHM9BC4M8DpfSQ6YLJh,224294,4
0.712,0.536,11,-8.961,1,0.0381,0.535,0.0,0.334,0.207,90.011,audio_features,1ghC63dL4Co6i5rVXENFh5,spotify:track:1ghC63dL4Co6i5rVXENFh5,https://api.spotify.com/v1/tracks/1ghC63dL4Co6i5rVXENFh5,https://api.spotify.com/v1/audio-analysis/1ghC63dL4Co6i5rVXENFh5,204215,4
0.587,0.539,7,-9.594,1,0.0446,0.69,0.0,0.161,0.168,168.002,audio_features,77xwukOvyqpUwDQFBNvKNO,spotify:track:77xwukOvyqpUwDQFBNvKNO,https://api.spotify.com/v1/tracks/77xwukOvyqpUwDQFBNvKNO,https://api.spotify.com/v1/audio-analysis/77xwukOvyqpUwDQFBNvKNO,218097,4
0.624,0.375,2,-8.522,1,0.0505,0.751,0.0,0.323,0.521,120.06,audio_features,66YUHByAhvckqMtO9EkJ1J,spotify:track:66YUHByAhvckqMtO9EkJ1J,https://api.spotify.com/v1/tracks/66YUHByAhvckqMtO9EkJ1J,https://api.spotify.com/v1/audio-analysis/66YUHByAhvckqMtO9EkJ1J,221707,4
0.529,0.454,7,-5.499,1,0.0959,0.125,0.0,0.183,0.457,108.316,audio_features,74tswKcYGnbqDd9zbPHAgW,spotify:track:74tswKcYGnbqDd9zbPHAgW,https://api.spotify.com/v1/tracks/74tswKcYGnbqDd9zbPHAgW,https://api.spotify.com/v1/audio-analysis/74tswKcYGnbqDd9zbPHAgW,177181,4
0.747,0.855,0,-2.6,0,0.0288,0.186,2.61e-06,0.0885,0.6,101.996,audio_features,6u4QtlkKJ879ElNlgw0R7M,spotify:track:6u4QtlkKJ879ElNlgw0R7M,https://api.spotify.com/v1/tracks/6u4QtlkKJ879ElNlgw0R7M,https://api.spotify.com/v1/audio-analysis/6u4QtlkKJ879ElNlgw0R7M,226533,4
0.549,0.923,1,-3.857,1,0.0393,0.0295,8.76e-05,0.14,0.498,140.045,audio_features,27FOde2nUw0pFuj7hlPbaS,spotify:track:27FOde2nUw0pFuj7hlPbaS,https://api.spotify.com/v1/tracks/27FOde2nUw0pFuj7hlPbaS,https://api.spotify.com/v1/audio-analysis/27FOde2nUw0pFuj7hlPbaS,292075,4
0.396,0.353,2,-8.91,1,0.0298,0.731,1.1e-06,0.214,0.288,76.276,audio_features,0TKUFEQhIHT6OSc5EhsfMt,spotify:track:0TKUFEQhIHT6OSc5EhsfMt,https://api.spotify.com/v1/tracks/0TKUFEQhIHT6OSc5EhsfMt,https://api.spotify.com/v1/audio-analysis/0TKUFEQhIHT6OSc5EhsfMt,218050,4
0.51,0.552,1,-8.002,1,0.0287,0.232,0.0,0.0936,0.301,84.997,audio_features,4t6xJufZtFgVb0fbjCnWNv,spotify:track:4t6xJufZtFgVb0fbjCnWNv,https://api.spotify.com/v1/tracks/4t6xJufZtFgVb0fbjCnWNv,https://api.spotify.com/v1/audio-analysis/4t6xJufZtFgVb0fbjCnWNv,262588,4
0.631,0.233,8,-13.016,1,0.0329,0.841,3.24e-06,0.228,0.442,91.864,audio_features,3xJK8ywApYVEYIDhymYMC6,spotify:track:3xJK8ywApYVEYIDhymYMC6,https://api.spotify.com/v1/tracks/3xJK8ywApYVEYIDhymYMC6,https://api.spotify.com/v1/audio-analysis/3xJK8ywApYVEYIDhymYMC6,209760,4
0.481,0.795,8,-5.097,1,0.0408,0.0782,0.0,0.1,0.332,160.02,audio_features,1JLtvvPsHwLyd2ufASdkWV,spotify:track:1JLtvvPsHwLyd2ufASdkWV,https://api.spotify.com/v1/tracks/1JLtvvPsHwLyd2ufASdkWV,https://api.spotify.com/v1/audio-analysis/1JLtvvPsHwLyd2ufASdkWV,250005,4
0.787,0.655,2,-6.252,1,0.0335,0.557,0.0,0.0867,0.674,95.006,audio_features,4X5SAZ4JKejo2tPhvCJhZf,spotify:track:4X5SAZ4JKejo2tPhvCJhZf,https://api.spotify.com/v1/tracks/4X5SAZ4JKejo2tPhvCJhZf,https://api.spotify.com/v1/audio-analysis/4X5SAZ4JKejo2tPhvCJhZf,191896,4
0.646,0.535,5,-6.512,0,0.0557,0.142,0.0,0.0503,0.705,118.028,audio_features,1PLpbxdsXDgkVteS5lSwUk,spotify:track:1PLpbxdsXDgkVteS5lSwUk,https://api.spotify.com/v1/tracks/1PLpbxdsXDgkVteS5lSwUk,https://api.spotify.com/v1/audio-analysis/1PLpbxdsXDgkVteS5lSwUk,239987,4
0.658,0.614,0,-5.733,1,0.0279,0.745,0.0,0.112,0.669,129.99,audio_features,4YfDticlwW58vBTV2OB9Z0,spotify:track:4YfDticlwW58vBTV2OB9Z0,https://api.spotify.com/v1/tracks/4YfDticlwW58vBTV2OB9Z0,https://api.spotify.com/v1/audio-analysis/4YfDticlwW58vBTV2OB9Z0,246560,4
0.593,0.0245,2,-22.322,1,0.0382,0.971,1.01e-06,0.0756,0.273,85.04,audio_features,5U02MVv6SGMigHeyKYC309,spotify:track:5U02MVv6SGMigHeyKYC309,https://api.spotify.com/v1/tracks/5U02MVv6SGMigHeyKYC309,https://api.spotify.com/v1/audio-analysis/5U02MVv6SGMigHeyKYC309,225656,4
0.568,0.525,6,-6.473,1,0.0235,0.678,0.0,0.134,0.404,96.007,audio_features,0qkMJO5YJRU22PATHZsH1U,spotify:track:0qkMJO5YJRU22PATHZsH1U,https://api.spotify.com/v1/tracks/0qkMJO5YJRU22PATHZsH1U,https://api.spotify.com/v1/audio-analysis/0qkMJO5YJRU22PATHZsH1U,232973,4
0.572,0.406,10,-8.624,1,0.0427,0.587,4.48e-06,0.102,0.265,119.812,audio_features,2nC3QhMI9reBIOWutbU3Tj,spotify:track:2nC3QhMI9reBIOWutbU3Tj,https://api.spotify.com/v1/tracks/2nC3QhMI9reBIOWutbU3Tj,https://api.spotify.com/v1/audio-analysis/2nC3QhMI9reBIOWutbU3Tj,201084,4
0.486,0.411,6,-5.623,1,0.0374,0.747,0.0,0.342,0.364,139.914,audio_features,5oL7vOxCz2eJKAX6G4Yluh,spotify:track:5oL7vOxCz2eJKAX6G4Yluh,https://api.spotify.com/v1/tracks/5oL7vOxCz2eJKAX6G4Yluh,https://api.spotify.com/v1/audio-analysis/5oL7vOxCz2eJKAX6G4Yluh,260093,4
0.569,0.611,9,-8.057,1,0.0281,0.045,0.0,0.112,0.21,83.994,audio_features,2UUXNjVVty8KwkUQ5dqvtq,spotify:track:2UUXNjVVty8KwkUQ5dqvtq,https://api.spotify.com/v1/tracks/2UUXNjVVty8KwkUQ5dqvtq,https://api.spotify.com/v1/audio-analysis/2UUXNjVVty8KwkUQ5dqvtq,301021,4
0.6,0.468,8,-9.126,1,0.0335,0.865,3.13e-06,0.104,0.203,123.987,audio_features,25pWemriUQVrZ3yIiS2IBf,spotify:track:25pWemriUQVrZ3yIiS2IBf,https://api.spotify.com/v1/tracks/25pWemriUQVrZ3yIiS2IBf,https://api.spotify.com/v1/audio-analysis/25pWemriUQVrZ3yIiS2IBf,205424,4
0.242,0.316,9,-8.605,0,0.0322,0.894,0.0,0.227,0.202,171.301,audio_features,7oTCQ6lVUjdu2H5ptBgNRr,spotify:track:7oTCQ6lVUjdu2H5ptBgNRr,https://api.spotify.com/v1/tracks/7oTCQ6lVUjdu2H5ptBgNRr,https://api.spotify.com/v1/audio-analysis/7oTCQ6lVUjdu2H5ptBgNRr,277107,4
0.35,0.529,1,-7.86,1,0.0343,0.748,0.0,0.237,0.503,203.561,audio_features,7ovUSP7jWkzWR2SHptYJfd,spotify:track:7ovUSP7jWkzWR2SHptYJfd,https://api.spotify.com/v1/tracks/7ovUSP7jWkzWR2SHptYJfd,https://api.spotify.com/v1/audio-analysis/7ovUSP7jWkzWR2SHptYJfd,275493,4
0.427,0.492,9,-8.053,1,0.0563,0.697,1.16e-05,0.356,0.308,109.974,audio_features,5BHvj11hSbdHzwXIl9Sq62,spotify:track:5BHvj11hSbdHzwXIl9Sq62,https://api.spotify.com/v1/tracks/5BHvj11hSbdHzwXIl9Sq62,https://api.spotify.com/v1/audio-analysis/5BHvj11hSbdHzwXIl9Sq62,207808,4
0.672,0.472,6,-7.148,1,0.0324,0.645,0.0,0.102,0.561,131.925,audio_features,751bgbxEOI9bjbTO88EKIb,spotify:track:751bgbxEOI9bjbTO88EKIb,https://api.spotify.com/v1/tracks/751bgbxEOI9bjbTO88EKIb,https://api.spotify.com/v1/audio-analysis/751bgbxEOI9bjbTO88EKIb,185679,4
0.525,0.646,11,-4.963,1,0.0268,0.304,0.0,0.297,0.373,86.957,audio_features,04TshWXkhV1qkqHzf31Hn6,spotify:track:04TshWXkhV1qkqHzf31Hn6,https://api.spotify.com/v1/tracks/04TshWXkhV1qkqHzf31Hn6,https://api.spotify.com/v1/audio-analysis/04TshWXkhV1qkqHzf31Hn6,255827,4
0.582,0.321,0,-8.876,1,0.0284,0.816,0.0,0.12,0.612,133.895,audio_features,1Rxn57Wwv6hQUu60MIiMMJ,spotify:track:1Rxn57Wwv6hQUu60MIiMMJ,https://api.spotify.com/v1/tracks/1Rxn57Wwv6hQUu60MIiMMJ,https://api.spotify.com/v1/audio-analysis/1Rxn57Wwv6hQUu60MIiMMJ,198552,4
0.565,0.563,10,-6.742,1,0.0496,0.741,0.0,0.226,0.319,147.905,audio_features,0O7O4sssbFxoNoB4QRGra1,spotify:track:0O7O4sssbFxoNoB4QRGra1,https://api.spotify.com/v1/tracks/0O7O4sssbFxoNoB4QRGra1,https://api.spotify.com/v1/audio-analysis/0O7O4sssbFxoNoB4QRGra1,296007,4
0.656,0.531,4,-7.013,1,0.0362,0.568,0.0,0.107,0.74,119.897,audio_features,5f6Wfp1DmctnKGN8LNOpQi,spotify:track:5f6Wfp1DmctnKGN8LNOpQi,https://api.spotify.com/v1/tracks/5f6Wfp1DmctnKGN8LNOpQi,https://api.spotify.com/v1/audio-analysis/5f6Wfp1DmctnKGN8LNOpQi,222173,4
0.538,0.333,11,-9.166,1,0.0298,0.714,0.000766,0.146,0.275,72.063,audio_features,0F4IKZU7I3tWXyJIlqhtqU,spotify:track:0F4IKZU7I3tWXyJIlqhtqU,https://api.spotify.com/v1/tracks/0F4IKZU7I3tWXyJIlqhtqU,https://api.spotify.com/v1/audio-analysis/0F4IKZU7I3tWXyJIlqhtqU,235833,1
0.659,0.308,0,-7.774,0,0.0432,0.487,0.0,0.145,0.159,86.065,audio_features,1p8XXEIjVHIqS6EKXG5qhb,spotify:track:1p8XXEIjVHIqS6EKXG5qhb,https://api.spotify.com/v1/tracks/1p8XXEIjVHIqS6EKXG5qhb,https://api.spotify.com/v1/audio-analysis/1p8XXEIjVHIqS6EKXG5qhb,159070,4
0.552,0.259,2,-10.315,1,0.0254,0.869,0.0,0.119,0.229,97.966,audio_features,4JSwvmdFoCctamddcXEzhn,spotify:track:4JSwvmdFoCctamddcXEzhn,https://api.spotify.com/v1/tracks/4JSwvmdFoCctamddcXEzhn,https://api.spotify.com/v1/audio-analysis/4JSwvmdFoCctamddcXEzhn,266813,4
0.376,0.631,6,-6.537,1,0.0582,0.244,0.0,0.0912,0.308,163.634,audio_features,6V2ycd5EqUqAl9r6NHqjNN,spotify:track:6V2ycd5EqUqAl9r6NHqjNN,https://api.spotify.com/v1/tracks/6V2ycd5EqUqAl9r6NHqjNN,https://api.spotify.com/v1/audio-analysis/6V2ycd5EqUqAl9r6NHqjNN,264969,4
0.437,0.452,0,-7.861,0,0.033,0.428,5.85e-05,0.184,0.345,137.201,audio_features,1a0qZKszfpB8tJRFLXMqpj,spotify:track:1a0qZKszfpB8tJRFLXMqpj,https://api.spotify.com/v1/tracks/1a0qZKszfpB8tJRFLXMqpj,https://api.spotify.com/v1/audio-analysis/1a0qZKszfpB8tJRFLXMqpj,317487,4
0.697,0.628,6,-7.194,0,0.0362,0.418,0.0,0.373,0.741,119.99,audio_features,4eH9ujPhZSF0HZ1c004wtb,spotify:track:4eH9ujPhZSF0HZ1c004wtb,https://api.spotify.com/v1/tracks/4eH9ujPhZSF0HZ1c004wtb,https://api.spotify.com/v1/audio-analysis/4eH9ujPhZSF0HZ1c004wtb,246022,4
0.434,0.546,6,-6.881,1,0.0277,0.58,0.0,0.0839,0.256,166.007,audio_features,6oUC0SXCxnjYl2HyPat8lx,spotify:track:6oUC0SXCxnjYl2HyPat8lx,https://api.spotify.com/v1/tracks/6oUC0SXCxnjYl2HyPat8lx,https://api.spotify.com/v1/audio-analysis/6oUC0SXCxnjYl2HyPat8lx,209656,4
0.524,0.613,7,-5.65,1,0.0266,0.494,0.0,0.333,0.473,93.042,audio_features,49gU95GpWNOY4hzUWYefjp,spotify:track:49gU95GpWNOY4hzUWYefjp,https://api.spotify.com/v1/tracks/49gU95GpWNOY4hzUWYefjp,https://api.spotify.com/v1/audio-analysis/49gU95GpWNOY4hzUWYefjp,243116,4
0.459,0.451,2,-7.582,1,0.0342,0.0762,5.85e-05,0.1,0.304,142.291,audio_features,2fmUFSA8GV3SusglOWgltw,spotify:track:2fmUFSA8GV3SusglOWgltw,https://api.spotify.com/v1/tracks/2fmUFSA8GV3SusglOWgltw,https://api.spotify.com/v1/audio-analysis/2fmUFSA8GV3SusglOWgltw,232933,4
0.522,0.227,8,-12.27,1,0.0292,0.781,1.12e-06,0.101,0.0987,145.914,audio_features,1J707Wskr4x6JO9QwhiCm4,spotify:track:1J707Wskr4x6JO9QwhiCm4,https://api.spotify.com/v1/tracks/1J707Wskr4x6JO9QwhiCm4,https://api.spotify.com/v1/audio-analysis/1J707Wskr4x6JO9QwhiCm4,199587,4
0.607,0.449,3,-8.932,1,0.0284,0.497,0.0,0.111,0.446,133.962,audio_features,3MA7ee2cScQAlRiWiqgGdc,spotify:track:3MA7ee2cScQAlRiWiqgGdc,https://api.spotify.com/v1/tracks/3MA7ee2cScQAlRiWiqgGdc,https://api.spotify.com/v1/audio-analysis/3MA7ee2cScQAlRiWiqgGdc,204000,4
0.583,0.866,9,-4.005,1,0.0354,0.0524,0.0,0.0543,0.668,133.954,audio_features,7wtipdGOW8s0LtDM0pT9YW,spotify:track:7wtipdGOW8s0LtDM0pT9YW,https://api.spotify.com/v1/tracks/7wtipdGOW8s0LtDM0pT9YW,https://api.spotify.com/v1/audio-analysis/7wtipdGOW8s0LtDM0pT9YW,241791,4
0.494,0.558,7,-7.942,1,0.0436,0.637,0.0,0.24,0.38,164.105,audio_features,7F95gCKq2x7UDACljoYNWA,spotify:track:7F95gCKq2x7UDACljoYNWA,https://api.spotify.com/v1/tracks/7F95gCKq2x7UDACljoYNWA,https://api.spotify.com/v1/audio-analysis/7F95gCKq2x7UDACljoYNWA,251906,4
0.533,0.384,5,-10.877,0,0.0395,0.582,0.0,0.372,0.238,112.024,audio_features,1eyhZf2stL2a1AXSfeKyYn,spotify:track:1eyhZf2stL2a1AXSfeKyYn,https://api.spotify.com/v1/tracks/1eyhZf2stL2a1AXSfeKyYn,https://api.spotify.com/v1/audio-analysis/1eyhZf2stL2a1AXSfeKyYn,261347,4
0.763,0.728,7,-4.154,1,0.0382,0.341,0.0,0.214,0.835,126.009,audio_features,4FrizRiAVRXdcsJNlQGB9x,spotify:track:4FrizRiAVRXdcsJNlQGB9x,https://api.spotify.com/v1/tracks/4FrizRiAVRXdcsJNlQGB9x,https://api.spotify.com/v1/audio-analysis/4FrizRiAVRXdcsJNlQGB9x,266000,4
0.409,0.542,0,-7.617,1,0.0474,0.528,0.0,0.131,0.339,159.738,audio_features,7dcP3dkBK2SEplkgIZlwix,spotify:track:7dcP3dkBK2SEplkgIZlwix,https://api.spotify.com/v1/tracks/7dcP3dkBK2SEplkgIZlwix,https://api.spotify.com/v1/audio-analysis/7dcP3dkBK2SEplkgIZlwix,258834,4
0.704,0.87,11,-3.475,1,0.037,0.0377,0.0,0.0766,0.58,130.021,audio_features,0XI2IziElx00t7X5yDXPHB,spotify:track:0XI2IziElx00t7X5yDXPHB,https://api.spotify.com/v1/tracks/0XI2IziElx00t7X5yDXPHB,https://api.spotify.com/v1/audio-analysis/0XI2IziElx00t7X5yDXPHB,208474,4
0.693,0.582,4,-9.413,1,0.0264,0.0374,5.05e-06,0.186,0.754,116.038,audio_features,2nXqOSt013yj2osIS7zFA4,spotify:track:2nXqOSt013yj2osIS7zFA4,https://api.spotify.com/v1/tracks/2nXqOSt013yj2osIS7zFA4,https://api.spotify.com/v1/audio-analysis/2nXqOSt013yj2osIS7zFA4,243853,4
0.663,0.635,9,-5.113,1,0.0402,0.0738,0.0,0.0806,0.662,105.074,audio_features,0UpHEi794wCm1QMSLV6J4M,spotify:track:0UpHEi794wCm1QMSLV6J4M,https://api.spotify.com/v1/tracks/0UpHEi794wCm1QMSLV6J4M,https://api.spotify.com/v1/audio-analysis/0UpHEi794wCm1QMSLV6J4M,194453,4
0.556,0.338,6,-9.641,1,0.0402,0.595,0.0,0.113,0.355,71.996,audio_features,7kofyJoXSTuwQaBPrvqtiM,spotify:track:7kofyJoXSTuwQaBPrvqtiM,https://api.spotify.com/v1/tracks/7kofyJoXSTuwQaBPrvqtiM,https://api.spotify.com/v1/audio-analysis/7kofyJoXSTuwQaBPrvqtiM,244080,3
0.759,0.648,6,-7.528,1,0.0489,0.487,0.000494,0.0974,0.452,115.987,audio_features,7L4WcYnU9KhCqfzYTaKenr,spotify:track:7L4WcYnU9KhCqfzYTaKenr,https://api.spotify.com/v1/tracks/7L4WcYnU9KhCqfzYTaKenr,https://api.spotify.com/v1/audio-analysis/7L4WcYnU9KhCqfzYTaKenr,271354,4
0.459,0.567,8,-5.529,1,0.0271,0.75,0.0,0.136,0.156,145.816,audio_features,6rbZXBUHrCeh1ba03E5uaY,spotify:track:6rbZXBUHrCeh1ba03E5uaY,https://api.spotify.com/v1/tracks/6rbZXBUHrCeh1ba03E5uaY,https://api.spotify.com/v1/audio-analysis/6rbZXBUHrCeh1ba03E5uaY,256333,4
0.6,0.47,2,-7.211,1,0.0331,0.66,0.0,0.211,0.251,124.994,audio_features,6ai2DWHZnDWjpfUynXgmaa,spotify:track:6ai2DWHZnDWjpfUynXgmaa,https://api.spotify.com/v1/tracks/6ai2DWHZnDWjpfUynXgmaa,https://api.spotify.com/v1/audio-analysis/6ai2DWHZnDWjpfUynXgmaa,220443,4
0.592,0.469,2,-7.668,1,0.0293,0.828,0.0,0.198,0.558,129.959,audio_features,47qkmo2smLRBNlbzDEwZHS,spotify:track:47qkmo2smLRBNlbzDEwZHS,https://api.spotify.com/v1/tracks/47qkmo2smLRBNlbzDEwZHS,https://api.spotify.com/v1/audio-analysis/47qkmo2smLRBNlbzDEwZHS,228520,4
0.503,0.502,0,-9.469,1,0.0294,0.287,1.75e-05,0.096,0.118,137.968,audio_features,0qgZJeru7Sw3wRBOGV6H89,spotify:track:0qgZJeru7Sw3wRBOGV6H89,https://api.spotify.com/v1/tracks/0qgZJeru7Sw3wRBOGV6H89,https://api.spotify.com/v1/audio-analysis/0qgZJeru7Sw3wRBOGV6H89,266383,4
0.5,0.292,0,-8.554,1,0.0323,0.746,0.0,0.188,0.37,145.879,audio_features,1almCHdsfikRPfVB9VrEdT,spotify:track:1almCHdsfikRPfVB9VrEdT,https://api.spotify.com/v1/tracks/1almCHdsfikRPfVB9VrEdT,https://api.spotify.com/v1/audio-analysis/1almCHdsfikRPfVB9VrEdT,185200,4
0.471,0.432,4,-7.846,0,0.0454,0.859,0.0,0.0915,0.159,129.386,audio_features,5R3KGS53DCrlbi6cxECAEH,spotify:track:5R3KGS53DCrlbi6cxECAEH,https://api.spotify.com/v1/tracks/5R3KGS53DCrlbi6cxECAEH,https://api.spotify.com/v1/audio-analysis/5R3KGS53DCrlbi6cxECAEH,288733,4
0.696,0.504,4,-6.499,1,0.0283,0.622,0.0,0.107,0.585,144.071,audio_features,5Cs9jAo8be6es60RCmmU0Y,spotify:track:5Cs9jAo8be6es60RCmmU0Y,https://api.spotify.com/v1/tracks/5Cs9jAo8be6es60RCmmU0Y,https://api.spotify.com/v1/audio-analysis/5Cs9jAo8be6es60RCmmU0Y,289254,4
0.156,0.324,5,-10.839,0,0.0337,0.894,0.922,0.104,0.18,97.274,audio_features,3CLgIwptrXVh7oYmuexqVD,spotify:track:3CLgIwptrXVh7oYmuexqVD,https://api.spotify.com/v1/tracks/3CLgIwptrXVh7oYmuexqVD,https://api.spotify.com/v1/audio-analysis/3CLgIwptrXVh7oYmuexqVD,301507,3
0.692,0.453,9,-7.131,1,0.0299,0.263,0.000549,0.0836,0.351,99.976,audio_features,7tgzj2IqzSgUpxUhjmcF5m,spotify:track:7tgzj2IqzSgUpxUhjmcF5m,https://api.spotify.com/v1/tracks/7tgzj2IqzSgUpxUhjmcF5m,https://api.spotify.com/v1/audio-analysis/7tgzj2IqzSgUpxUhjmcF5m,349774,4
0.431,0.2,2,-10.87,1,0.0449,0.787,0.0,0.257,0.309,210.534,audio_features,5EIfRhrHwSCa4rhA4jXyES,spotify:track:5EIfRhrHwSCa4rhA4jXyES,https://api.spotify.com/v1/tracks/5EIfRhrHwSCa4rhA4jXyES,https://api.spotify.com/v1/audio-analysis/5EIfRhrHwSCa4rhA4jXyES,232333,4
0.409,0.332,11,-11.994,1,0.0331,0.721,0.00945,0.292,0.487,91.747,audio_features,4BAkJk9QFtYWycVXRvhmhk,spotify:track:4BAkJk9QFtYWycVXRvhmhk,https://api.spotify.com/v1/tracks/4BAkJk9QFtYWycVXRvhmhk,https://api.spotify.com/v1/audio-analysis/4BAkJk9QFtYWycVXRvhmhk,150010,4
0.491,0.463,9,-6.91,1,0.0263,0.525,0.0,0.345,0.245,150.101,audio_features,6oMCbuCGvSDWsVJdznassw,spotify:track:6oMCbuCGvSDWsVJdznassw,https://api.spotify.com/v1/tracks/6oMCbuCGvSDWsVJdznassw,https://api.spotify.com/v1/audio-analysis/6oMCbuCGvSDWsVJdznassw,263107,4
0.55,0.39,6,-11.387,1,0.0309,0.602,0.0,0.108,0.305,136.083,audio_features,0QgEc0U2cCBbj5EgTq7D1A,spotify:track:0QgEc0U2cCBbj5EgTq7D1A,https://api.spotify.com/v1/tracks/0QgEc0U2cCBbj5EgTq7D1A,https://api.spotify.com/v1/audio-analysis/0QgEc0U2cCBbj5EgTq7D1A,273227,4
0.549,0.393,10,-8.691,1,0.0366,0.589,0.0,0.136,0.352,129.521,audio_features,0hEFpdoj2feFvKNs13MSwa,spotify:track:0hEFpdoj2feFvKNs13MSwa,https://api.spotify.com/v1/tracks/0hEFpdoj2feFvKNs13MSwa,https://api.spotify.com/v1/audio-analysis/0hEFpdoj2feFvKNs13MSwa,248800,4
0.561,0.686,6,-6.273,0,0.0473,0.267,0.0,0.137,0.22,89.97,audio_features,5cRKj1kynNFqiliT2ndZ3y,spotify:track:5cRKj1kynNFqiliT2ndZ3y,https://api.spotify.com/v1/tracks/5cRKj1kynNFqiliT2ndZ3y,https://api.spotify.com/v1/audio-analysis/5cRKj1kynNFqiliT2ndZ3y,227680,4
0.663,0.695,1,-5.822,0,0.042,0.324,0.0,0.0936,0.817,153.922,audio_features,3Hk79TQO3vakN6cR8BdFKM,spotify:track:3Hk79TQO3vakN6cR8BdFKM,https://api.spotify.com/v1/tracks/3Hk79TQO3vakN6cR8BdFKM,https://api.spotify.com/v1/audio-analysis/3Hk79TQO3vakN6cR8BdFKM,201011,4
0.712,0.0784,4,-19.067,1,0.0544,0.739,0.0,0.107,0.642,121.443,audio_features,1et7vATtyqLfNMjTTZIYk1,spotify:track:1et7vATtyqLfNMjTTZIYk1,https://api.spotify.com/v1/tracks/1et7vATtyqLfNMjTTZIYk1,https://api.spotify.com/v1/audio-analysis/1et7vATtyqLfNMjTTZIYk1,150174,4
0.714,0.686,11,-6.333,1,0.0445,0.203,7.76e-06,0.102,0.828,127.015,audio_features,1bQhZOoXYqjXs7u7rFXo0h,spotify:track:1bQhZOoXYqjXs7u7rFXo0h,https://api.spotify.com/v1/tracks/1bQhZOoXYqjXs7u7rFXo0h,https://api.spotify.com/v1/audio-analysis/1bQhZOoXYqjXs7u7rFXo0h,231653,4
0.807,0.893,11,-3.745,0,0.0347,0.0451,2.79e-05,0.366,0.537,126.011,audio_features,3rmo8F54jFF8OgYsqTxm5d,spotify:track:3rmo8F54jFF8OgYsqTxm5d,https://api.spotify.com/v1/tracks/3rmo8F54jFF8OgYsqTxm5d,https://api.spotify.com/v1/audio-analysis/3rmo8F54jFF8OgYsqTxm5d,230747,4
0.661,0.503,11,-8.193,0,0.0531,0.235,0.0,0.379,0.581,134.891,audio_features,2CMP62W6C4T0XzeQuHx8Et,spotify:track:2CMP62W6C4T0XzeQuHx8Et,https://api.spotify.com/v1/tracks/2CMP62W6C4T0XzeQuHx8Et,https://api.spotify.com/v1/audio-analysis/2CMP62W6C4T0XzeQuHx8Et,160837,4
